{
  "n_train": 1358,
  "n_test": 460,
  "cutoff": "2025-10-01",
  "mae_hgbr": 31.858003813323915,
  "mae_same_dow_lag7": 36.07589130434783
}